id,scene,shot_type,text,action,speech_mode,first_image,continue_from,last_image,han_characters,timing_basis,speech_seconds,frames,video_seconds
1,doctor,talking_head,今天讲解滴眼药水的方法，从用药前准备，到滴完后的处理，一起分步来看。,The doctor explains calmly to camera with relaxed hands and natural blinking. Do not handle the bottles or eye model.,on_camera,reference_images/img_002.png,,,30,estimated_not_measured,6.666666666666667,175,7.291666666666667
2,doctor,talking_head,先核对药名、要滴哪只眼和有效期；开封后的使用期限，按说明书确认。,Continue from the preceding pose with relaxed hands and subtle facial movement. Do not pick up any props.,on_camera,,1,,28,estimated_not_measured,6.222222222222222,158,6.583333333333333
3,patient,simple_action,用肥皂和清水洗手。这里展示洗手的一部分，实际操作要把双手洗干净。,"Close-up of the existing soapy hands at the running faucet. Make only gentle rubbing movements, keeping hands, faucet and water flow consistent. No face needs to enter the frame. This is a brief excerpt, not a complete handwashing sequence.",voiceover,reference_images/img_011.png,,,29,estimated_not_measured,6.444444444444445,175,7.291666666666667
4,patient,simple_action,按说明书确认是否需要摇匀。开盖后别碰瓶口，也别让瓶口接触其他物体。,"Hold the already-open white bottle upright in the existing hand, away from the face. Keep the cap on the existing tissue. Only tiny natural hand movements; do not open, shake or invert the bottle and do not touch its tip.",voiceover,reference_images/img_008.png,,,30,estimated_not_measured,6.666666666666667,175,7.291666666666667
5,doctor,talking_head,坐稳后，头稍后仰，眼睛向上看；轻拉下眼睑，形成一个小口袋。,"The doctor verbally explains the step while looking at camera, with hands relaxed. Do not mime pulling an eyelid or tilt the head back. No procedure is performed in this shot.",on_camera,reference_images/img_002.png,,,24,estimated_not_measured,5.333333333333333,141,5.875
6,doctor,talking_head,另一只手把药瓶倒置，瓶口悬在小口袋上方，别碰眼睛、眼睑或睫毛。,Continue the explanation from the previous final pose. Keep hands relaxed and all desk props untouched. Do not perform or mime instillation.,on_camera,,5,,27,estimated_not_measured,6.0,158,6.583333333333333
7,doctor,talking_head,按医嘱，把规定的滴数滴进小口袋。不要为了增加效果，自行多滴。,"Continue speaking in the existing pose with small natural facial movements only. Do not pick up a bottle, touch the eye or demonstrate droplets.",on_camera,,6,,26,estimated_not_measured,5.777777777777778,158,6.583333333333333
8,doctor,talking_head,滴完轻轻闭眼，用手指轻按靠鼻侧的内眼角至少一分钟，不要按压眼球。,"The doctor explains this aftercare step verbally, maintaining camera eye contact and relaxed hands. Do not demonstrate eye closure or move a finger toward the eye.",on_camera,reference_images/img_002.png,,,29,estimated_not_measured,6.444444444444445,175,7.291666666666667
9,doctor,talking_head,同一只眼使用不同眼药水，至少间隔五分钟。具体滴数、次数和顺序，遵医嘱。,"Finish the explanation naturally from the preceding pose, keeping hands relaxed. A single slight nod may occur after the final words.",on_camera,,8,,30,estimated_not_measured,6.666666666666667,175,7.291666666666667
