id,scene,shot_type,text,action,speech_mode,first_image,continue_from,last_image,reference_mode,has_target_last_frame,audio_lead_seconds,padded_tail_seconds,tts_internal_silence_checked,han_characters,timing_basis,speech_seconds,frames,video_seconds
1,doctor,talking_head,干眼物理治疗，做完就不用管了吗？既要选对项目，也要做好治疗前后的配合。,"The doctor speaks to the viewer with natural lip and jaw articulation, blinking and gentle breathing. Her hands remain relaxed at her sides. The anatomical eye model and small bottles remain in their supplied positions.",on_camera,reference_images/doctor.png,,,first_frame_only,False,0.08,0.3227777777777776,False,31,estimated_not_measured,6.888888888888889,175,7.291666666666667
2,doctor,talking_head,后续用药、护理和复查，都需要按医嘱安排，做好治疗前后的配合。,"The doctor speaks to the viewer with natural lip and jaw articulation, blinking and gentle breathing. Her hands remain relaxed at her sides. The anatomical eye model and small bottles remain in their supplied positions.",on_camera,,1,,first_frame_only,False,0.08,0.7255555555555553,False,26,estimated_not_measured,5.777777777777778,158,6.583333333333333
3,doctor,talking_head,治疗前摘掉隐形眼镜，按要求清除眼妆。近期眼部手术、感染，都要如实告知。,"The doctor speaks to the viewer with natural lip and jaw articulation, blinking and gentle breathing. Her hands remain relaxed at her sides. The anatomical eye model and small bottles remain in their supplied positions.",on_camera,reference_images/doctor.png,,,first_frame_only,False,0.08,0.5449999999999999,False,30,estimated_not_measured,6.666666666666667,175,7.291666666666667
4,doctor,talking_head,眼部外伤，以及正在使用的药物，也要完整、准确地告诉医生。,"The doctor speaks to the viewer with natural lip and jaw articulation, blinking and gentle breathing. Her hands remain relaxed at her sides. The anatomical eye model and small bottles remain in their supplied positions.",on_camera,,3,,first_frame_only,False,0.08,0.4616666666666669,False,24,estimated_not_measured,5.333333333333333,141,5.875
5,doctor,talking_head,如果有明显红痛、分泌物增多，或眼周皮肤破损，请先告诉医生。,"The doctor speaks to the viewer with natural lip and jaw articulation, blinking and gentle breathing. Her hands remain relaxed at her sides. The anatomical eye model and small bottles remain in their supplied positions.",on_camera,reference_images/doctor.png,,,first_frame_only,False,0.08,0.23944444444444457,False,25,estimated_not_measured,5.555555555555555,141,5.875
6,doctor,talking_head,是否需要延期，要先由医生评估。不要为了赶进度，把这些情况隐瞒下来。,"The doctor speaks to the viewer with natural lip and jaw articulation, blinking and gentle breathing. Her hands remain relaxed at her sides. The anatomical eye model and small bottles remain in their supplied positions.",on_camera,,5,,first_frame_only,False,0.08,0.7672222222222222,False,29,estimated_not_measured,6.444444444444445,175,7.291666666666667
7,doctor,talking_head,睑板腺按摩不是越痛越有效，明显疼痛要及时说，向医护人员反馈。,"The doctor speaks to the viewer with natural lip and jaw articulation, blinking and gentle breathing. Her hands remain relaxed at her sides. The anatomical eye model and small bottles remain in their supplied positions.",on_camera,reference_images/doctor.png,,,first_frame_only,False,0.08,0.503333333333333,False,27,estimated_not_measured,6.0,158,6.583333333333333
8,doctor,talking_head,回家别模仿器械操作，也不要用力挤眼皮。后续护理仍要按医嘱安排。,"The doctor speaks to the viewer with natural lip and jaw articulation, blinking and gentle breathing. Her hands remain relaxed at her sides. The anatomical eye model and small bottles remain in their supplied positions.",on_camera,,7,,first_frame_only,False,0.08,0.28111111111111065,False,28,estimated_not_measured,6.222222222222222,158,6.583333333333333
9,doctor,talking_head,如果用了表面麻醉，感觉恢复前别揉眼，回家也不要自行模仿器械操作。,"The doctor speaks to the viewer with natural lip and jaw articulation, blinking and gentle breathing. Her hands remain relaxed at her sides. The anatomical eye model and small bottles remain in their supplied positions.",on_camera,,8,,first_frame_only,False,0.08,0.7672222222222222,False,29,estimated_not_measured,6.444444444444445,175,7.291666666666667
